[
{"code":"100","cname":"晴","ename":"Sunny/Clear","icon":"http://files.heweather.com/cond_icon/100.png"},
{"code":"101","cname":"多云","ename":"Cloudy","icon":"http://files.heweather.com/cond_icon/101.png"},
{"code":"102","cname":"少云","ename":"Few Clouds","icon":"http://files.heweather.com/cond_icon/102.png"},
{"code":"103","cname":"晴间多云","ename":"Partly Cloudy","icon":"http://files.heweather.com/cond_icon/103.png"},
{"code":"104","cname":"阴","ename":"Overcast","icon":"http://files.heweather.com/cond_icon/104.png"},
{"code":"200","cname":"有风","ename":"Windy","icon":"http://files.heweather.com/cond_icon/200.png"},
{"code":"201","cname":"平静","ename":"Calm","icon":"http://files.heweather.com/cond_icon/201.png"},
{"code":"202","cname":"微风","ename":"Light Breeze","icon":"http://files.heweather.com/cond_icon/202.png"},
{"code":"203","cname":"和风","ename":"Moderate/Gentle Breeze","icon":"http://files.heweather.com/cond_icon/203.png"},
{"code":"204","cname":"清风","ename":"Fresh Breeze","icon":"http://files.heweather.com/cond_icon/204.png"},
{"code":"205","cname":"强风/劲风","ename":"Strong Breeze","icon":"http://files.heweather.com/cond_icon/205.png"},
{"code":"206","cname":"疾风","ename":"High Wind, Near Gale","icon":"http://files.heweather.com/cond_icon/206.png"},
{"code":"207","cname":"大风","ename":"Gale","icon":"http://files.heweather.com/cond_icon/207.png"},
{"code":"208","cname":"烈风","ename":"Strong Gale","icon":"http://files.heweather.com/cond_icon/208.png"},
{"code":"209","cname":"风暴","ename":"Storm","icon":"http://files.heweather.com/cond_icon/209.png"},
{"code":"210","cname":"狂爆风","ename":"Violent Storm","icon":"http://files.heweather.com/cond_icon/210.png"},
{"code":"211","cname":"飓风","ename":"Hurricane","icon":"http://files.heweather.com/cond_icon/211.png"},
{"code":"212","cname":"龙卷风","ename":"Tornado","icon":"http://files.heweather.com/cond_icon/212.png"},
{"code":"213","cname":"热带风暴","ename":"Tropical Storm","icon":"http://files.heweather.com/cond_icon/213.png"},
{"code":"300","cname":"阵雨","ename":"Shower Rain","icon":"http://files.heweather.com/cond_icon/300.png"},
{"code":"301","cname":"强阵雨","ename":"Heavy Shower Rain","icon":"http://files.heweather.com/cond_icon/301.png"},
{"code":"302","cname":"雷阵雨","ename":"Thundershower","icon":"http://files.heweather.com/cond_icon/302.png"},
{"code":"303","cname":"强雷阵雨","ename":"Heavy Thunderstorm","icon":"http://files.heweather.com/cond_icon/303.png"},
{"code":"304","cname":"雷阵雨伴有冰雹","ename":"Hail","icon":"http://files.heweather.com/cond_icon/304.png"},
{"code":"305","cname":"小雨","ename":"Light Rain","icon":"http://files.heweather.com/cond_icon/305.png"},
{"code":"306","cname":"中雨","ename":"Moderate Rain","icon":"http://files.heweather.com/cond_icon/306.png"},
{"code":"307","cname":"大雨","ename":"Heavy Rain","icon":"http://files.heweather.com/cond_icon/307.png"},
{"code":"308","cname":"极端降雨","ename":"Extreme Rain","icon":"http://files.heweather.com/cond_icon/308.png"},
{"code":"309","cname":"毛毛雨/细雨","ename":"Drizzle Rain","icon":"http://files.heweather.com/cond_icon/309.png"},
{"code":"310","cname":"暴雨","ename":"Storm","icon":"http://files.heweather.com/cond_icon/310.png"},
{"code":"311","cname":"大暴雨","ename":"Heavy Storm","icon":"http://files.heweather.com/cond_icon/311.png"},
{"code":"312","cname":"特大暴雨","ename":"Severe Storm","icon":"http://files.heweather.com/cond_icon/312.png"},
{"code":"313","cname":"冻雨","ename":"Freezing Rain","icon":"http://files.heweather.com/cond_icon/313.png"},
{"code":"400","cname":"小雪","ename":"Light Snow","icon":"http://files.heweather.com/cond_icon/400.png"},
{"code":"401","cname":"中雪","ename":"Moderate Snow","icon":"http://files.heweather.com/cond_icon/401.png"},
{"code":"402","cname":"大雪","ename":"Heavy Snow","icon":"http://files.heweather.com/cond_icon/402.png"},
{"code":"403","cname":"暴雪","ename":"Snowstorm","icon":"http://files.heweather.com/cond_icon/403.png"},
{"code":"404","cname":"雨夹雪","ename":"Sleet","icon":"http://files.heweather.com/cond_icon/404.png"},
{"code":"405","cname":"雨雪天气","ename":"Rain And Snow","icon":"http://files.heweather.com/cond_icon/405.png"},
{"code":"406","cname":"阵雨夹雪","ename":"Shower Snow","icon":"http://files.heweather.com/cond_icon/406.png"},
{"code":"407","cname":"阵雪","ename":"Snow Flurry","icon":"http://files.heweather.com/cond_icon/407.png"},
{"code":"500","cname":"薄雾","ename":"Mist","icon":"http://files.heweather.com/cond_icon/500.png"},
{"code":"501","cname":"雾","ename":"Foggy","icon":"http://files.heweather.com/cond_icon/501.png"},
{"code":"502","cname":"霾","ename":"Haze","icon":"http://files.heweather.com/cond_icon/502.png"},
{"code":"503","cname":"扬沙","ename":"Sand","icon":"http://files.heweather.com/cond_icon/503.png"},
{"code":"504","cname":"浮尘","ename":"Dust","icon":"http://files.heweather.com/cond_icon/504.png"},
{"code":"507","cname":"沙尘暴","ename":"Duststorm","icon":"http://files.heweather.com/cond_icon/507.png"},
{"code":"508","cname":"强沙尘暴","ename":"Sandstorm","icon":"http://files.heweather.com/cond_icon/508.png"},
{"code":"900","cname":"热","ename":"Hot","icon":"http://files.heweather.com/cond_icon/900.png"},
{"code":"901","cname":"冷","ename":"Cold","icon":"http://files.heweather.com/cond_icon/901.png"},
{"code":"999","cname":"未知","ename":"Unknown","icon":"http://files.heweather.com/cond_icon/999.png"}
]